{
  "timestamp": "20251125_232516",
  "models": {
    "from_scratch": {
      "test_total_loss": 0.9171504378318787,
      "test_verb_loss": 0.3694959878921509,
      "test_object_loss": 0.3474191129207611,
      "test_action_loss": 0.20023512840270996,
      "test_verb_acc": 0.8427889943122864,
      "test_object_acc": 0.873452365398407,
      "test_action_acc": 0.9435168504714966,
      "test_verb_mAP": 0.22330988943576813,
      "test_object_mAP": 0.16616231203079224,
      "test_action_mAP": 0.07681697607040405,
      "test_overall_mAP": 0.15542972087860107,
      "test_verb_f1_macro": 0.044352151453495026,
      "test_object_f1_macro": 0.014890885911881924,
      "test_action_f1_macro": 0.0,
      "test_verb_f1_micro": 0.29489052295684814,
      "test_object_f1_micro": 0.11469250172376633,
      "test_action_f1_micro": 0.0,
      "test_verb_precision_macro": 0.07320249080657959,
      "test_object_precision_macro": 0.014619884081184864,
      "test_action_precision_macro": 0.0,
      "test_verb_recall_macro": 0.04569067806005478,
      "test_object_recall_macro": 0.015172125771641731,
      "test_action_recall_macro": 0.0,
      "test_verb_hamming_loss": 0.15721121430397034,
      "test_object_hamming_loss": 0.12654757499694824,
      "test_action_hamming_loss": 0.05648333951830864
    },
    "pretrained_finetune": {
      "test_total_loss": 0.8358904719352722,
      "test_verb_loss": 0.33157503604888916,
      "test_object_loss": 0.32036522030830383,
      "test_action_loss": 0.18395018577575684,
      "test_verb_acc": 0.8654752373695374,
      "test_object_acc": 0.8782863020896912,
      "test_action_acc": 0.9443919658660889,
      "test_verb_mAP": 0.385151207447052,
      "test_object_mAP": 0.31812041997909546,
      "test_action_mAP": 0.17685124278068542,
      "test_overall_mAP": 0.29337430000305176,
      "test_verb_f1_macro": 0.22840984165668488,
      "test_object_f1_macro": 0.1550375521183014,
      "test_action_f1_macro": 0.04869343340396881,
      "test_verb_f1_micro": 0.5076831579208374,
      "test_object_f1_micro": 0.2837657928466797,
      "test_action_f1_micro": 0.10445129871368408,
      "test_verb_precision_macro": 0.48595479130744934,
      "test_object_precision_macro": 0.37764859199523926,
      "test_action_precision_macro": 0.16913793981075287,
      "test_verb_recall_macro": 0.1850813925266266,
      "test_object_recall_macro": 0.11507511883974075,
      "test_action_recall_macro": 0.03338213264942169,
      "test_verb_hamming_loss": 0.1345246285200119,
      "test_object_hamming_loss": 0.12171406298875809,
      "test_action_hamming_loss": 0.0556076243519783
    }
  },
  "summary": {
    "num_models": 2,
    "best_model": "pretrained_finetune"
  }
}